"","nuts_label","LandCover","2017","2019","2020","2021","2023","2025","2027","2029","2030","2031","2033","2035","2037","2039","2040","2041","2043","2045","2047","2049","2050"
"1","CZ03","cropland",390.541935056382,392.406598613809,392.561332936339,392.242231004472,390.159841733171,387.978893754073,386.348419060596,385.166876755883,384.439343835292,383.674198989293,382.010975440716,380.38062062786,378.886479918334,377.540489487454,376.907617546392,376.300860090058,375.275392059572,374.501013948534,374.021503924644,373.894760821073,373.994660802987
"2","CZ03","forest",647.104114417311,644.280436209375,644.492176322881,645.367921735793,648.137545579223,648.922779802742,649.766983282553,650.369563810988,650.978193970835,651.816330948179,653.976104987816,655.998158081484,657.620276462776,658.765227671895,659.099274294509,659.393599475627,659.782916829803,659.859606341303,659.533077490007,658.469351875697,657.79521650441
"3","CZ03","grassland",173.468010493361,173.570818576615,173.069329087736,172.361751795824,171.50856117285,172.45659741983,172.484616625872,172.317153467365,172.169950962079,172.027247875367,171.755920829739,171.739624307026,172.076219538641,172.875867512423,173.495218869663,174.140975869673,175.611175188661,177.282880538656,179.162940982154,181.63929603425,183.038619489904
"4","CZ03","other",14.2307936031706,14.2307085578372,14.2306175201826,14.2305180451336,14.2302823735467,14.2300589604467,14.2298252188325,14.2295792066584,14.2294650631043,14.2293520489332,14.229122613025,14.2288757829983,14.2286017649463,14.2283045088122,14.2281549853733,14.2280060773886,14.2276894291379,14.2273593737283,14.2270272702009,14.2266720407676,14.2264726351682
"5","CZ03","othernat",205.061919916509,204.434757075204,203.763404143443,203.029830036968,201.291881105302,199.644331445396,197.920614824581,196.106409530801,195.26466321957,194.431245491116,192.739281109216,190.919044626699,188.898311257133,186.706209773148,185.603556152286,184.505441170826,182.170333431786,179.736355218041,177.287273262579,174.667650389892,173.197143106147
"6","CZ03","urban",79.3486808928063,80.8322203920326,81.6387704519461,82.5234773193859,84.4278536450699,86.5235276397758,89.0059637514428,91.5670860043566,92.6751658687251,93.5785205808887,95.0457203891728,96.4910487736447,98.0477572759327,99.641844520166,100.424271149114,101.18935922175,102.691051614613,104.151673188719,105.527397782924,106.861844780262,107.507662808926
"7","CZ03","water",14.2307936031706,14.2307085578372,14.2306175201826,14.2305180451336,14.2302823735467,14.2300589604467,14.2298252188325,14.2295792066584,14.2294650631043,14.2293520489332,14.229122613025,14.2288757829983,14.2286017649463,14.2283045088122,14.2281549853733,14.2280060773886,14.2276894291379,14.2273593737283,14.2270272702009,14.2266720407676,14.2264726351682
"8","CZ04","cropland",241.247529181886,242.318590784185,242.203120301475,241.753573179502,239.867417213834,237.838370392769,236.250372407385,234.879231248136,234.066919535325,233.208367927908,231.303596950214,229.310862958871,227.272600866988,225.219312468106,224.225985614874,223.261816277811,221.419630500821,219.663236237526,218.095856512981,216.762085407621,216.127409350775
"9","CZ04","forest",440.445609114921,438.582058983524,438.597380144275,439.468906983702,442.1523960813,443.167837737352,444.280267700609,445.399553391074,446.145525920562,447.129871012618,449.441856115453,451.704757173931,453.744733084431,455.402216835127,456.014867248763,456.588390595002,457.601751495216,458.236034843633,458.507943893121,458.321193221658,458.194766614687
"10","CZ04","grassland",67.6227744771883,67.7295827560009,67.3769069514281,67.0146776813113,66.3933399894072,66.4674326264379,66.181821496509,65.8689562652007,65.6765183558684,65.5019218653188,65.12994905081,64.8393318913481,64.6769890088458,64.6444715748511,64.6893515937731,64.7483556493456,64.9137751582561,65.090136834271,65.3291548918299,65.7507389143046,65.9936803227931
"11","CZ04","other",3.96157178787712,3.9615573989242,3.96155185244963,3.96152994390124,3.96148143724401,3.96146028385324,3.96142522416768,3.96138278012589,3.96136482742715,3.9613455799735,3.96131106253935,3.96127862847811,3.96124763660477,3.96122340360164,3.96121508009001,3.96120703449667,3.96119159741921,3.96118512788026,3.96118374584961,3.96118451492465,3.96118449809399
"12","CZ04","othernat",141.504429135409,140.998485621744,140.803460810539,140.03311372352,138.327525733203,137.583731224059,136.350964627349,134.858549734184,134.227298000126,133.550520169939,132.336820202891,131.196375684961,130.106641216693,129.254561788643,128.961890962458,128.678992283816,128.136194679029,127.908713129805,127.860118251201,127.887160421316,127.886568622953
"13","CZ04","urban",63.7367979269614,64.9284504688176,65.5763114995031,66.286951956283,67.8166415198878,69.4999908637953,71.4940067319324,73.551227213274,74.4412919453847,75.1669112763893,76.3454389676735,77.5063984460526,78.7568239619523,80.0372739381896,80.6657578320718,81.2803145371516,82.48654838396,83.6597921111254,84.7648423712883,85.8367364173708,86.355489504724
"14","CZ04","water",3.96157178787712,3.9615573989242,3.96155185244963,3.96152994390124,3.96148143724401,3.96146028385324,3.96142522416768,3.96138278012589,3.96136482742715,3.9613455799735,3.96131106253935,3.96127862847811,3.96124763660477,3.96122340360164,3.96121508009001,3.96120703449667,3.96119159741921,3.96118512788026,3.96118374584961,3.96118451492465,3.96118449809399
"15","DE11","cropland",386.571336937363,389.414115409619,390.13380606484,389.674165108827,387.524138709169,384.221535430525,381.561196407765,378.016092394046,376.413688993368,374.82550118917,372.46098590225,370.183628379636,367.678808856802,365.317721100937,364.259523049774,363.174872098923,361.059701136186,359.220832077118,357.594771270518,355.878651855831,354.980881485728
"16","DE11","forest",430.391400461117,423.384114287614,421.448599285152,421.254645137131,422.700339623167,423.051685469836,422.23719588744,422.202562389274,422.38173152256,422.976627628072,423.937572140091,424.646640436967,425.108289155148,425.178649312289,425.09591598413,425.062927044907,424.972279135736,424.586217498949,423.934200835328,423.331631012268,423.118005359573
"17","DE11","grassland",123.318149482302,125.795879838641,126.0363112153,125.547655578331,123.678905626968,123.373539415161,122.294785496624,120.860601251823,120.108890990879,119.298442360677,117.782645787584,116.414462099549,115.128217714395,113.953055934063,113.366266653137,112.748226145941,111.480093370559,110.309559113355,109.337686553073,108.472486273901,108.045121411321
"18","DE11","other",0.564836998351469,0.564773974500779,0.564753492956142,0.564747580640058,0.564761669724847,0.564789301172108,0.564806830553532,0.564829404380932,0.56483876173743,0.564848671649687,0.564860791226087,0.564870834653758,0.564881459458946,0.564889922224867,0.564892582218921,0.564895187986813,0.564899110521923,0.564899368137109,0.564896956116138,0.564894954236754,0.564894465094892
"19","DE11","othernat",10.3242008711807,9.79778487419576,9.62670975548224,9.57732626441707,9.69500742058628,9.92580315425486,10.0722198948595,10.2607711135875,10.3389298121784,10.4217038141371,10.5229343613696,10.6068235705315,10.6955688209817,10.7662553199906,10.7884733121703,10.8102383723399,10.8430019246547,10.8451536935148,10.8250069330601,10.8082859405427,10.8042003111279
"20","DE11","urban",154.171303950775,156.384623340369,157.531132392753,158.722778449454,161.1781509801,164.203923627318,168.611054351645,173.436379741947,175.53314685698,177.254093364084,180.072205925693,182.92476954345,186.165418233196,189.560604187711,191.26610153579,192.980011661356,196.421191911261,199.814504580229,203.084606195228,206.285220708424,207.8280682015
"21","DE11","water",0.564836998351469,0.564773974500779,0.564753492956142,0.564747580640058,0.564761669724847,0.564789301172108,0.564806830553532,0.564829404380932,0.56483876173743,0.564848671649687,0.564860791226087,0.564870834653758,0.564881459458946,0.564889922224867,0.564892582218921,0.564895187986813,0.564899110521923,0.564899368137109,0.564896956116138,0.564894954236754,0.564894465094892
"22","DE12","cropland",220.747692711667,222.351203800811,223.175822813678,223.244474988432,222.575203199718,221.444369793772,220.280508841304,218.843314971707,218.225436771056,217.55652423822,216.578197455539,215.600445393731,214.453226275246,213.336560679029,212.801028771602,212.223800058582,211.125498841005,210.104836062412,209.116023008921,208.103363434087,207.58375244119
"23","DE12","forest",382.508130913499,378.97833021645,377.533438248921,377.035717847064,377.039771841903,376.249474182334,375.186916625155,374.296727704723,373.987652402038,373.97996065076,373.986057068259,373.919093718764,373.74604829997,373.401496177861,373.205191019831,373.053757637455,372.693884314256,372.249801593522,371.768200723245,371.300707152682,371.110261291999
"24","DE12","grassland",54.1345958149055,55.1699862625871,55.3146275091753,55.1374654413661,54.3463763128363,54.3418571754835,53.8602068310465,53.2320223767214,52.8875981678525,52.5088028269595,51.7890540324731,51.1295310201105,50.5042114935124,49.9381230210132,49.6597603769664,49.3729279105614,48.8100493601607,48.3021753071003,47.8794089903029,47.5051729879416,47.3188838098956
"25","DE12","other",2.74397827452453,2.74296909097773,2.7424813131558,2.74225107625359,2.7422891742607,2.74266026272565,2.74296155562361,2.74326800840779,2.7433692212615,2.74348173341084,2.74357623885032,2.74365105855596,2.74375952733011,2.74384581614663,2.7438689432264,2.74389295569002,2.74389700717984,2.74385073557808,2.74378681545377,2.74372780958147,2.74370540878918
"26","DE12","othernat",10.2103988881771,9.80445652510208,9.60824872692068,9.51563632508211,9.53096118356308,9.68023088663099,9.80142544173901,9.92469555229335,9.96540825033171,10.0106660707983,10.0486807228866,10.0787768220756,10.1224082017474,10.1571177312422,10.1664205596947,10.1760795322885,10.1777092371676,10.1590965641766,10.1333848030307,10.1096497913685,10.1006391108296
"27","DE12","urban",90.4735773302643,91.7724372206562,92.4452522825547,93.1445554531095,94.5854613210192,96.3610996438898,98.9473713570695,101.779055585301,103.00951817376,104.019434954003,105.673210450703,107.347203135768,109.248938882426,111.241362966122,112.242213593015,113.248001157295,115.267416440612,117.258741209194,119.177761051154,121.05600322232,121.961404736069
"28","DE12","water",2.74397827452453,2.74296909097773,2.7424813131558,2.74225107625359,2.7422891742607,2.74266026272565,2.74296155562361,2.74326800840779,2.7433692212615,2.74348173341084,2.74357623885032,2.74365105855596,2.74375952733011,2.74384581614663,2.7438689432264,2.74389295569002,2.74389700717984,2.74385073557808,2.74378681545377,2.74372780958147,2.74370540878918
"29","DE23","cropland",328.957181372796,332.196575025695,332.675944787041,332.915117215237,332.213943126509,330.892406340736,329.427662131815,327.624058369785,327.128777624266,326.671340979328,326.339639455463,325.734836128136,324.861500969772,323.751244501147,323.110025107057,322.403205446982,320.96146556516,319.487304488159,318.011489256514,316.648599940681,315.981692219291
"30","DE23","forest",364.975759301871,368.845819823241,369.906762349228,370.844659920853,370.235898516611,366.521534299903,362.902485883661,359.366308754385,358.309791732227,357.536158190613,356.95898975761,356.283406941841,355.454193345781,354.504924066159,354.070093106108,353.679758049289,353.096664236994,352.696584733958,352.331502913623,352.078945160694,351.961844073665
"31","DE23","grassland",185.545130194074,188.568115363059,188.338725522727,187.339843300338,184.461388734991,183.427328512471,181.520950329546,179.079440153757,177.952264661222,176.717108701243,174.351386896384,172.104818822769,170.188046676054,168.472583155916,167.577969537922,166.640002991227,164.751780242111,162.970697388326,161.397590154235,160.033612557411,159.343500788486
"32","DE23","other",2.38893963082418,2.38871653737609,2.38868163283944,2.38866961379748,2.38873816270233,2.3888412469758,2.38895347897737,2.38907897893518,2.38911912807096,2.38915755882277,2.38920484225813,2.38925705303333,2.3893084302312,2.38936191074083,2.38939029909059,2.38941994867434,2.38947593427361,2.38952697675088,2.38957394147022,2.38961249244732,2.38963185210904
"33","DE23","othernat",78.8954100959608,68.0045429842297,66.3005903429554,65.7138506155665,69.060237610861,74.0925553830036,79.5714424826158,85.6980381970661,87.6580191205703,89.5341128135442,91.8423724936657,94.3911726473068,96.8992796273913,99.5100650553614,100.895913663987,102.343332578673,105.076410249884,107.568177006965,109.860877763791,111.742840554727,112.687931077329
"34","DE23","urban",52.8602368841241,53.6191108394976,54.012210842843,54.4207868308838,55.2626527960971,56.3000900804087,57.8111493248812,59.4655936776111,60.1845057160465,60.7745613081005,61.740798822835,62.7188484643543,63.8299596310143,64.9940565104089,65.5788150972179,66.1664581469546,67.3463249477767,68.5097795395647,69.6309891393695,70.7283739120656,71.2573652474838
"35","DE23","water",2.38893963082418,2.38871653737609,2.38868163283944,2.38866961379748,2.38873816270233,2.3888412469758,2.38895347897737,2.38907897893518,2.38911912807096,2.38915755882277,2.38920484225813,2.38925705303333,2.3893084302312,2.38936191074083,2.38939029909059,2.38941994867434,2.38947593427361,2.38952697675088,2.38957394147022,2.38961249244732,2.38963185210904
"36","DE24","cropland",231.805099301183,234.114083475319,234.300166310034,234.387314468396,233.762729044113,232.750130415303,232.112150473634,231.212052754359,230.949074628065,230.783759046363,230.664318192795,230.335100412181,229.740072758521,228.866372199352,228.328665944489,227.753033204822,226.466133388522,225.065943065412,223.562742909247,221.949727526706,221.086428928274
"37","DE24","forest",299.244519308582,301.95064995567,302.518970893536,303.092881146556,302.221519094868,299.168845504908,296.28388430547,293.515340500568,292.645544753699,292.105333594611,291.636807113093,291.148565373589,290.53681783833,289.765355252767,289.384295248692,289.052063305361,288.445567330575,287.890906854835,287.279333169901,286.569769463047,286.142912502276
"38","DE24","grassland",123.328318143778,125.232720102934,124.937456881551,124.167826497505,121.862937851968,121.11448964297,119.531630114766,117.623335377047,116.737296189364,115.843348626881,114.079038160408,112.447715718622,111.064780680818,109.81625756892,109.166077028061,108.503748501152,107.150649342938,105.856908484276,104.702328932146,103.627364486684,103.051449067402
"39","DE24","other",0.790056189009818,0.790021673151483,0.790017951991462,0.790016738151773,0.790030442629451,0.790047919350439,0.790064742034555,0.790083100522901,0.790089245139475,0.790094027955224,0.790100650754477,0.790107661437247,0.790114755072391,0.790123004618576,0.790127671248193,0.79013233148252,0.790142113535205,0.790151973603723,0.790162104092675,0.790172914789089,0.790179160306246
"40","DE24","othernat",56.4637309093455,48.8449713954117,48.0235917562365,47.7556583143731,50.7806770949028,54.6383512401904,58.3516584225529,62.403966969644,63.7602813782548,64.8160025669632,66.277867264931,67.8253503260902,69.3911436398454,71.2120836800035,72.2421588536627,73.2708223818476,75.4300358714085,77.6064699674006,79.8425945425187,82.2288627726284,83.6074491812638
"41","DE24","urban",48.7113641287566,49.4106758940266,49.7729224243239,50.1494302665298,50.9252201985538,51.8812315275917,53.2736913691731,54.7982823670012,55.4607687300029,56.0045122789347,56.8949121369276,57.7961970163066,58.8200997420047,59.8928294593845,60.4316917522629,60.9732121135166,62.0604740091502,63.1326118505321,64.1658204076654,65.1770740910206,65.6645461698362
"42","DE24","water",0.790056189009818,0.790021673151483,0.790017951991462,0.790016738151773,0.790030442629451,0.790047919350439,0.790064742034555,0.790083100522901,0.790089245139475,0.790094027955224,0.790100650754477,0.790107661437247,0.790114755072391,0.790123004618576,0.790127671248193,0.79013233148252,0.790142113535205,0.790151973603723,0.790162104092675,0.790172914789089,0.790179160306246
"43","DE25","cropland",265.635876846985,267.708876115472,268.467795170071,268.501121473067,267.880964272668,266.593792237126,265.80797568767,264.715841849408,264.335509532492,263.937855645402,263.593057121743,263.202546508358,262.427489048928,261.515505782497,261.02239712358,260.463548649977,259.278244518107,258.096066518184,256.967994574188,255.789084090218,255.18355563679
"44","DE25","forest",288.541937663953,291.099174703144,292.247929622574,292.908330478369,292.492574856219,289.826246795694,287.39425719454,285.045263528121,284.251346987761,283.655584856404,283.158488000146,282.732538860211,282.046926261305,281.324996561335,281.02298270867,280.752468103324,280.333871135155,280.08448164454,279.922892764483,279.724817083793,279.607783089101
"45","DE25","grassland",149.791846974433,152.523156187997,152.662362995836,151.89923121561,149.477402590051,148.800554711846,147.220289485591,145.227326257752,144.208368972532,143.099944162833,140.976421929085,139.058932707215,137.310043778849,135.774863333015,135.002912998014,134.198696292451,132.574414173326,131.079674913756,129.818699729324,128.650165288107,128.041929315906
"46","DE25","other",1.2953955497301,1.29525686424396,1.29521454302193,1.29520726706223,1.29524766684291,1.29530362388779,1.29535260496922,1.29540925399737,1.29543106099875,1.29545400168054,1.29548360647528,1.29550909936526,1.29553979278431,1.29556871600917,1.29558282966396,1.29559799514713,1.29562758021148,1.29565245954166,1.29567193334045,1.29569181356207,1.29570313029802
"47","DE25","othernat",47.287625808782,38.988742880766,36.4562582160481,36.0208677546717,38.4383741532571,41.786820896691,44.7178288322963,48.10768357274,49.4126056413208,50.7853666834799,52.5569055260675,54.0823896665573,55.9190713432974,57.6498253221055,58.494380668261,59.4018769958939,61.1722351796093,62.6610041524282,63.826308329979,65.0159326824225,65.6931215463368
"48","DE25","urban",65.3106341399818,66.2482489177287,66.7339374430222,67.2387470777541,68.2789013277147,69.560690644463,71.4276561235605,73.4717788175804,74.3600192774937,75.0890531821159,76.2828727436038,77.4912865925243,78.8641025156476,80.3023841026238,81.0248733757425,81.7509265016562,83.2086923669761,84.6461803856039,86.0314732689408,87.387329761931,88.0409166848666
"49","DE25","water",1.2953955497301,1.29525686424396,1.29521454302193,1.29520726706223,1.29524766684291,1.29530362388779,1.29535260496922,1.29540925399737,1.29543106099875,1.29545400168054,1.29548360647528,1.29550909936526,1.29553979278431,1.29556871600917,1.29558282966396,1.29559799514713,1.29562758021148,1.29565245954166,1.29567193334045,1.29569181356207,1.29570313029802
"50","DE26","cropland",312.529085090912,314.404604688976,314.609656349883,314.260544121386,312.634943469571,310.066661219058,307.621598958412,304.719804739866,303.403399929751,302.180881011762,300.25235028173,298.396639735606,296.516461927847,294.751994673191,293.92259530684,293.083388434038,291.558654143755,290.26938253352,289.100453963811,287.928069689443,287.276875670782
"51","DE26","forest",408.729847225379,408.119964265122,408.260343417192,408.678545806206,409.154794481093,407.997814539047,406.870904572231,406.051190214452,405.900042219428,405.970307541455,406.397704766257,406.781062374326,406.958478745635,406.991118938571,407.02561401298,407.096603668728,407.26418832351,407.415086698961,407.515521857633,407.593737281565,407.6622321133
"52","DE26","grassland",66.0322394982273,67.3464980935972,67.4526203735112,67.2060915659252,66.1590188025844,65.9424686933188,65.1829074930327,64.2749635518927,63.7979180073445,63.299269335964,62.3681478288351,61.5174626910986,60.7072214167668,59.9384762697944,59.5486794424074,59.1444912264016,58.3240466619014,57.5458024578329,56.8506128924703,56.2084141258623,55.8874937424329
"53","DE26","other",1.75349994479854,1.75330291113963,1.75325066328792,1.75323277138272,1.75329897962537,1.75345010666831,1.75359085444078,1.75373859021964,1.75379901121593,1.75385169050899,1.75392268868136,1.75398673190168,1.7540523898174,1.75411373209991,1.75414052588322,1.75416643058441,1.75420851314754,1.75423702278444,1.75425980509949,1.75428267539891,1.75429744999127
"54","DE26","othernat",34.9898683669957,31.4905337802369,30.5626074777951,30.2448457154749,31.4207097517431,34.1047389234535,36.6044313665162,39.2282313990684,40.3013134464793,41.2369021840797,42.4978357805244,43.6352488356366,44.8013390185133,45.8907831876,46.3666430643154,46.826712766671,47.5741026769557,48.0804362602469,48.4850521185276,48.8912305866163,49.1536286071408
"55","DE26","urban",64.072053307973,64.9918867288732,65.4683644341271,65.9636006273262,66.9840289148413,68.2415097908692,70.07306928001,72.0784262933651,72.9498217536493,73.665029924805,74.836209344374,76.0217062786135,77.3684874906871,78.7794928457277,79.4882805007744,80.2005644220766,81.6306845466664,83.0409113829536,84.3999329364434,85.7300763447988,86.3712683454456
"56","DE26","water",1.75349994479854,1.75330291113963,1.75325066328792,1.75323277138272,1.75329897962537,1.75345010666831,1.75359085444078,1.75373859021964,1.75379901121593,1.75385169050899,1.75392268868136,1.75398673190168,1.7540523898174,1.75411373209991,1.75414052588322,1.75416643058441,1.75420851314754,1.75423702278444,1.75425980509949,1.75428267539891,1.75429744999127
"57","DE40","cropland",626.862842044652,632.774573972842,633.93303914543,633.755476770575,631.185455743111,626.122100301742,619.8557260752,613.56638281008,610.753499228114,608.320309276118,604.41591087362,601.115631558892,598.063836247415,595.006578857705,593.529380382194,592.104406772222,589.392023653175,587.147861998071,585.247693191696,584.055896290071,583.622466339037
"58","DE40","forest",729.618795835867,735.766069483011,738.088727331423,739.707367686279,738.992543252297,731.132478947533,722.987942082468,715.715757475757,713.099797607689,711.376910892147,709.714647615624,708.528641050272,707.16618033218,705.654257097273,705.126120736118,704.811886751046,704.681665290277,705.30015674458,706.372072269867,708.165351379302,709.309667633279
"59","DE40","grassland",167.412287314941,170.217850732414,170.244045126115,169.434892527677,167.256705858502,166.374953185682,164.692716744229,162.767814612467,161.855979298901,160.976859675995,159.398762133051,158.09465016429,157.01675755728,156.088359620919,155.629956998573,155.156857333437,154.204940031054,153.438506421067,152.989685130155,152.902137280956,152.932255565751
"60","DE40","other",38.2119378769821,38.1916594797195,38.1856823677562,38.182723905886,38.1839330298989,38.1930605491596,38.2020201713942,38.2095258833487,38.2123676498356,38.2145175859113,38.216849795915,38.2176537557825,38.2173944020284,38.2168457373971,38.2162485068047,38.2153637116654,38.212888225612,38.2089898303739,38.2041227599076,38.1974544721159,38.1937074130776
"61","DE40","othernat",183.617165431335,164.878046172684,159.354640528177,156.620747455067,157.738090151516,166.172764240769,174.452285910655,181.388259677014,184.014315395971,186.001055669356,188.15623395238,188.89916741245,188.659500496493,188.15248350559,187.600587063693,186.782954317703,184.495375680145,180.89289702663,176.395272647263,170.233156451189,166.770526478219
"62","DE40","urban",272.711278562611,276.626385622979,278.654428076711,280.762312692,285.105583878145,290.457827169323,298.25353378803,306.788978601354,310.497918113024,313.542074257931,318.526990776864,323.5728472459,329.305181505945,335.310874387087,338.327702749182,341.359412345631,347.446463837494,353.448843092274,359.233276184573,364.894794597619,367.623914100928
"63","DE40","water",38.2119378769821,38.1916594797195,38.1856823677562,38.182723905886,38.1839330298989,38.1930605491596,38.2020201713942,38.2095258833487,38.2123676498356,38.2145175859113,38.216849795915,38.2176537557825,38.2173944020284,38.2168457373971,38.2162485068047,38.2153637116654,38.212888225612,38.2089898303739,38.2041227599076,38.1974544721159,38.1937074130776
"64","DE50","cropland",13.0142144715181,13.1794731874382,13.2612736907049,13.2989397931175,13.30416806596,13.1966662876093,13.1338932819161,13.0594214206003,13.0272211490579,12.9950498103595,12.9466487007159,12.8881712070002,12.7568712942923,12.5850813340298,12.5021609511015,12.4204687493557,12.2540625514294,12.0915109378943,11.941927795942,11.7988273118931,11.7318670412352
"65","DE50","grassland",11.0861979280801,11.2827710367091,11.3055539477499,11.2599141171833,11.093365791613,10.9784679969495,10.8345818308535,10.6722138117894,10.603057926974,10.5363989564411,10.4223776471147,10.3299573705149,10.2086039963428,10.0744014838082,10.0096410748243,9.94439201743742,9.81357033811016,9.69636977552864,9.60307293021082,9.51857178603767,9.47490993138167
"66","DE50","other",1.04409238569222,1.04377953777302,1.04366603850659,1.04361645473363,1.04359920931163,1.04359179200488,1.0435122540422,1.04343136427177,1.04339530131462,1.04337486955322,1.04334175419812,1.04330031555157,1.03932272902531,1.03292064876914,1.02973780172112,1.026566552459,1.02025793205326,1.01409969351657,1.00826755805769,1.00265774447625,0.999974567037554
"67","DE50","othernat",6.15935002062022,5.62620392147667,5.43278185458326,5.34828266659797,5.31889353245851,5.30625317937455,5.17070695407311,5.03285701831439,4.9713996016411,4.93658040284773,4.88014620171952,4.80952769540511,4.8742028386258,5.02210183723822,5.09102531024271,5.15919052844111,5.29978945754403,5.42714896161304,5.52417005769925,5.61000213034235,5.65289660157806
"68","DE50","urban",11.9766761035593,12.1486160739922,12.2376817251111,12.3302538087962,12.5209974865075,12.7560522472191,13.0984167202351,13.4732683159146,13.63615401486,13.7698443864074,13.9887672372159,14.2103663911388,14.4062997078507,14.5771973425477,14.6623203555513,14.74743889501,14.9166850839721,15.0813942330931,15.2389173951947,15.3919065779365,15.4650005868921
"69","DE50","water",1.04409238569222,1.04377953777302,1.04366603850659,1.04361645473363,1.04359920931163,1.04359179200488,1.0435122540422,1.04343136427177,1.04339530131462,1.04337486955322,1.04334175419812,1.04330031555157,1.03932272902531,1.03292064876914,1.02973780172112,1.026566552459,1.02025793205326,1.01409969351657,1.00826755805769,1.00265774447625,0.999974567037554
"70","DE60","cropland",63.8722634342811,65.0855111589171,65.6433635473636,65.9546615202953,66.0790156564349,65.3257851265778,64.8300379076909,64.3594925721824,64.2122497809293,64.0926619101065,64.0012589575451,63.8544905172051,63.5543172597952,63.1614025412105,62.9668651485627,62.7715970128148,62.3455379251079,61.9068003157112,61.5173584155769,61.1662314599692,61.014315307814
"71","DE60","grassland",10.3407377379156,10.7561374332852,10.8459679643363,10.8474910252831,10.5623951941974,10.544038571828,10.2471779320312,9.9143267067551,9.74054953117466,9.56975446864781,9.26006654444479,8.97668792974136,8.70178591780556,8.45087610888991,8.33456057288106,8.22567009329099,8.02877853600063,7.87056576418821,7.75250587172784,7.65659456773753,7.60993217221773
"72","DE60","other",1.94868290824381,1.94507264879775,1.94362594759087,1.94290094146097,1.94314714213386,1.94468973783274,1.94622086399203,1.94775807887147,1.94836537026066,1.94892194043622,1.94967253730435,1.95048449857411,1.9515936310302,1.95284494919859,1.95344638625014,1.95403301206709,1.95523733268222,1.95638744452241,1.95734935435406,1.95818347916183,1.95854901754788
"73","DE60","othernat",6.45640925887832,4.79279626312128,4.12615416587174,3.7920702481541,3.90551988940893,4.61635031314948,5.32189555575488,6.03024648978215,6.31008727750477,6.56655565351564,6.9124318219924,7.28658479928028,7.79767470720945,8.37428400574738,8.65142710586935,8.92174516673973,9.47669792189217,10.0066711918099,10.4499206924599,10.8342866614506,11.0027273008454
"74","DE60","urban",2.93852087066494,2.98070696530839,3.00255954547411,3.02527244157297,3.07207209391855,3.12974363100678,3.21374399476654,3.30571519176492,3.34567978809743,3.37848120508509,3.43219471963651,3.48656487485255,3.54833197135686,3.61304456398253,3.64555151841413,3.6782188212478,3.74380806986237,3.80848495747339,3.87081342975472,3.93181747074651,3.9612243022546
"75","DE60","water",1.94868290824381,1.94507264879775,1.94362594759087,1.94290094146097,1.94314714213386,1.94468973783274,1.94622086399203,1.94775807887147,1.94836537026066,1.94892194043622,1.94967253730435,1.95048449857411,1.9515936310302,1.95284494919859,1.95344638625014,1.95403301206709,1.95523733268222,1.95638744452241,1.95734935435406,1.95818347916183,1.95854901754788
"76","DE71","cropland",256.955798987523,259.308711953919,260.312052117528,260.591107561211,259.509366662343,257.913684356397,255.995405934043,253.857750980838,252.834376849858,251.806315291854,250.013388570346,248.429240274609,246.714694632374,245.053690349163,244.312828053225,243.592292953748,242.216993930565,241.032314368015,240.069466522068,239.144093030914,238.663279340766
"77","DE71","forest",365.566475806627,365.216059354395,365.294845522097,365.487924101718,365.286164210072,363.073817504342,360.829064120927,358.717595172363,357.985106091597,357.541188301106,357.148361093313,356.732027360322,356.058900347365,355.263360045645,354.898634296709,354.570018620305,353.988167319229,353.478045224547,352.990776777213,352.502290588512,352.283478259011
"78","DE71","grassland",58.7005719341194,59.8801511597672,60.0477522466244,59.8732405939002,59.0357044491945,58.8991492445261,58.3544947035933,57.6646177819714,57.283662439523,56.8723341863872,56.0950253432835,55.4099478818931,54.750212405077,54.1448827311936,53.849042124666,53.5456263364109,52.9318791689258,52.3741718028736,51.9220399457764,51.5139590082778,51.3085414956693
"79","DE71","other",2.04697214642665,2.04668742444172,2.04656315576243,2.04649232079498,2.04650563824724,2.04659956944809,2.04667593583996,2.04674700162096,2.04677733779659,2.0468097792723,2.0468558596638,2.0468842288229,2.04691625274427,2.04694218142995,2.04694724704042,2.04694908874608,2.04694435313984,2.04692322040075,2.04688721647586,2.04684965423232,2.04683310750846
"80","DE71","othernat",40.6043324789918,35.7169708676769,33.5838515279084,32.3679422581448,32.5965414123072,34.2089063486732,35.5197646307715,36.7396359027873,37.2603679433978,37.8172382638654,38.6082257828434,39.0951932337965,39.6448960742395,40.0899718666065,40.1769250048715,40.2085385857873,40.1272500958893,39.7644985591173,39.1464774379503,38.5017071814474,38.2176763473804
"81","DE71","urban",118.823311074806,120.529166390278,121.412806849237,122.331235418355,124.223646564508,126.555677982086,129.952353313905,133.671340733717,135.28736657495,136.613738973162,138.785722065806,140.984257366653,143.481898610375,146.098645219451,147.413110601367,148.734059901176,151.386255354031,154.001558179566,156.52189945896,158.988685457303,160.177792917076
"82","DE71","water",2.04697214642665,2.04668742444172,2.04656315576243,2.04649232079498,2.04650563824724,2.04659956944809,2.04667593583996,2.04674700162096,2.04677733779659,2.0468097792723,2.0468558596638,2.0468842288229,2.04691625274427,2.04694218142995,2.04694724704042,2.04694908874608,2.04694435313984,2.04692322040075,2.04688721647586,2.04684965423232,2.04683310750846
"83","DE72","cropland",160.490977740807,161.980934370015,162.968654526207,163.203286974206,163.118481553952,163.445345004538,163.395138471483,163.216839153945,163.096282477487,162.839994019404,162.422202022225,161.913387090346,161.218370385624,160.459853276162,160.060656042268,159.603727675768,158.739433354967,157.936770393225,157.194949439407,156.55584468137,156.246507054202
"84","DE72","forest",285.588921187081,287.064961341977,288.301946419118,288.946605090317,289.099796083869,287.55019765691,285.842707399972,284.334122131638,283.865546816249,283.499476837014,283.29378560958,283.110629020184,282.702007923913,282.285639703884,282.14809858733,282.031562857589,281.997859392221,282.153048165261,282.393588075505,282.730317887008,282.932365583044
"85","DE72","grassland",63.5674311369744,64.5762247093652,64.7469937187009,64.4267984167363,63.4747395214144,63.3786174257446,62.7292747837777,61.947237962676,61.549415269751,61.0938371259235,60.2639736384025,59.5367019663478,58.8700336670798,58.3210557601529,58.0629909371328,57.7905668075008,57.2866913985497,56.8600915119005,56.5441983143072,56.3183224366302,56.2169708952037
"86","DE72","other",0.241092571370621,0.241089971750578,0.24108843623774,0.241087924037085,0.241088011356552,0.241088248012286,0.241088865564948,0.241089448242024,0.241089653230077,0.241089971848201,0.24109031856468,0.241090640402936,0.241091094705335,0.241091497213588,0.241091659470339,0.241091849002596,0.24109206311004,0.241092101179951,0.241092015552263,0.24109177930816,0.241091639605637
"87","DE72","othernat",51.5642154561198,46.9330919426697,44.1976346531886,43.285168802523,43.4407250869779,43.8623182112947,44.9624646198505,46.000481508943,46.3656598719219,46.9332658531139,47.5509279777691,48.124270507469,48.9335928224392,49.650645853064,49.9397000372759,50.2773444919342,50.6587686967303,50.7265887997906,50.5740463567639,50.1531865227847,49.9043118438958
"88","DE72","urban",45.7180019672545,46.3743403234505,46.7143264412888,47.067697499122,47.7958143620515,48.6930778364668,49.9999696247663,51.4308729772925,52.0526488891092,52.5629788518266,53.3986627458717,54.2445627658257,55.2055456425115,56.2123550432886,56.7181037080308,57.2263471001821,58.24679566229,59.2530495584415,60.2227664138904,61.171877544569,61.6293939754214
"89","DE72","water",0.241092571370621,0.241089971750578,0.24108843623774,0.241087924037085,0.241088011356552,0.241088248012286,0.241088865564948,0.241089448242024,0.241089653230077,0.241089971848201,0.24109031856468,0.241090640402936,0.241091094705335,0.241091497213588,0.241091659470339,0.241091849002596,0.24109206311004,0.241092101179951,0.241092015552263,0.24109177930816,0.241091639605637
"90","DE73","cropland",252.067448926532,254.046127322005,254.316511766306,254.282796740882,253.317812442639,252.35622121698,251.256461633135,249.990407012088,249.379279679664,248.830178875987,247.84949546205,246.897700496344,245.819967654451,244.610448496909,243.985749187737,243.359284625332,242.086756128474,240.924647353265,239.884552531501,238.922999313219,238.431535919645
"91","DE73","forest",339.216017717374,341.823138203987,342.592798476316,343.187303200958,342.497012551324,339.320574665561,336.216139793868,333.415446045531,332.442101218923,331.815158005548,331.241238288439,330.810655371534,330.228026533742,329.541733754345,329.26872213803,329.071085059944,328.810236774846,328.756496477811,328.828212592307,328.960995041267,329.040333866032
"92","DE73","grassland",118.317767867636,120.275999853983,120.155725924255,119.485761931332,117.563482162435,116.975196253189,115.628510023046,114.060165257365,113.287078886296,112.509783160372,111.059553762694,109.800290343017,108.706293190584,107.739132193385,107.252784809533,106.754845142036,105.72626564552,104.770162967143,103.994588666827,103.330548348958,103.005219347524
"93","DE73","other",0.978004286035505,0.977960721627713,0.977952621976819,0.977950441948907,0.977965585849162,0.97798610833772,0.978008191905557,0.978029779242519,0.978038626224823,0.978045994938667,0.978056926220805,0.978065648820398,0.978074113379923,0.978082848443111,0.978086919491385,0.978090607408192,0.978097470626993,0.978102162887621,0.978104639925822,0.978105810460926,0.978106479248262
"94","DE73","othernat",64.183675838048,56.7456155656932,55.362704732552,54.9904931064126,57.5761185875894,61.080068591015,64.850552729748,68.5363118523214,70.0468198780719,71.3049326466563,73.1713079634973,74.6605792485591,76.1057935200391,77.5971928010997,78.2922717414031,78.9219359296794,80.093741943793,80.8948848797107,81.3178071782185,81.5176609334676,81.63184774067
"95","DE73","urban",62.2807139285714,63.1748304613077,63.6379867068488,64.1193769867496,65.1112759345463,66.3335999068107,68.1139522866235,70.0632431244415,70.910275934827,71.6054881717911,72.7439235211096,73.8962760931374,75.2054037246552,76.5769599076069,77.2659311345457,77.9583008784232,79.348437416345,80.7192368465265,82.0402626015278,83.3332175923976,83.9564830178642
"96","DE73","water",0.978004286035505,0.977960721627713,0.977952621976819,0.977950441948907,0.977965585849162,0.97798610833772,0.978008191905557,0.978029779242519,0.978038626224823,0.978045994938667,0.978056926220805,0.978065648820398,0.978074113379923,0.978082848443111,0.978086919491385,0.978090607408192,0.978097470626993,0.978102162887621,0.978104639925822,0.978105810460926,0.978106479248262
"97","DE80","cropland",703.170133809731,711.516437757376,712.662100588332,713.200283421901,708.380036639623,702.380636555731,695.727865053924,688.883129781028,685.70113858547,682.91459882668,677.272317641224,672.041191651841,666.301037961917,659.958832849964,656.766611119633,653.55947088036,646.819664061394,640.273328473743,634.183587054114,628.14249869624,624.685308344755
"98","DE80","forest",526.048114729325,529.876312141695,530.984821751867,532.11187741572,530.623146150515,525.110909594878,519.796904484388,515.073339879296,513.385504496453,512.28491423098,510.903096872084,509.778473334155,508.35190940419,506.623490619317,505.849871549548,505.159470476606,503.8004858234,502.539867647746,501.366200664403,500.139155105014,499.383938201787
"99","DE80","grassland",170.686670369526,173.833853942197,173.622257508289,172.708112322726,169.569492967158,167.823619622083,165.480428905756,162.94210760268,161.79288116584,160.714594317066,158.655701859931,156.913101795365,155.354877620585,153.848205974206,153.077538499646,152.264798729804,150.458211257718,148.619322883802,146.99595960076,145.46847473932,144.644282842581
"100","DE80","other",55.4462101793224,55.4070762564837,55.4001827405041,55.3961316590984,55.4127405468265,55.436873782826,55.4606759613541,55.4831931903903,55.4927263138511,55.5006079524831,55.5156750628091,55.5284394772171,55.541861956812,55.5569147648667,55.5643072632709,55.5716236687652,55.5873305740926,55.6025426523443,55.6162744491903,55.629936171785,55.6383300449466
"101","DE80","othernat",171.85095213433,154.687500793049,151.664125738725,149.887392573686,157.171759068967,167.756172583871,178.195390105423,188.071051344299,192.252111886687,195.708860184226,202.317030185501,207.915278194023,213.802142037271,220.404039313455,223.646259296717,226.855106265948,233.743879119575,240.415629507394,246.438154465177,252.429946087142,256.11135145392
"102","DE80","urban",133.742191028995,135.662225283267,136.656811362331,137.690553378323,139.820566510635,142.445396508336,146.268541958353,150.454467442469,152.2733936684,153.766298966634,156.210985746193,158.685558500733,161.496791492965,164.442084143877,165.921587438466,167.408388740303,170.39358102028,173.337248613177,176.174031747717,178.950535459265,180.288941497616
"103","DE80","water",55.4462101793224,55.4070762564837,55.4001827405041,55.3961316590984,55.4127405468265,55.436873782826,55.4606759613541,55.4831931903903,55.4927263138511,55.5006079524831,55.5156750628091,55.5284394772171,55.541861956812,55.5569147648667,55.5643072632709,55.5716236687652,55.5873305740926,55.6025426523443,55.6162744491903,55.629936171785,55.6383300449466
"104","DE91","cropland",401.597467495213,405.964836452481,407.721563880503,408.15806064234,406.098746816052,404.29336640065,401.115405931833,396.97191467393,395.231988387172,393.423057095495,390.166973881765,386.840819091211,383.374400464107,379.968598678875,378.541213324085,377.0465440858,374.414188015752,372.365894339227,370.808569825717,369.493119628774,368.725221308049
"105","DE91","forest",344.524482188305,344.384062277403,344.538967587211,344.80782199318,344.949481399046,342.88186625706,341.251438786946,339.861195824467,339.459721374299,339.302034588651,339.455640610021,339.611018741349,339.566297498308,339.385772216915,339.298847473805,339.237849130709,339.11099984259,338.925502099568,338.626123136421,338.228465035474,338.042766658102
"106","DE91","grassland",47.9060637117954,48.8972050077408,49.0317801412942,48.83274575161,48.1502781343183,47.772296390262,47.2909413839925,46.6462931765894,46.3605979324968,46.048809920925,45.4999622089108,44.990591934246,44.5042489025441,44.0285540087668,43.7935477683377,43.5227738827971,42.9421783639736,42.3483663118714,41.772072749401,41.192351796097,40.8909192666148
"107","DE91","other",1.58022589182443,1.57995505223045,1.57984255760405,1.57979422707201,1.5798488654118,1.57996050844485,1.58008494137662,1.58023755037396,1.5802929591909,1.58035055721348,1.58044150460517,1.58053289437705,1.58062895682237,1.58072426289654,1.58075981349625,1.58079843887354,1.58086213542778,1.58090523136777,1.58093440495605,1.5809592137936,1.58097751282993
"108","DE91","othernat",39.344882649492,32.9470716746708,30.289707791266,29.1480371666044,30.4387117125015,33.0759591386059,36.0153313507138,39.6202825459642,40.9291574113424,42.289746000436,44.4381180759147,46.5969401187395,48.8661407104569,51.1174741964691,51.9572554619269,52.8696695557786,54.3743185168479,55.3923368721413,56.081479476753,56.667517325984,57.0997797352895
"109","DE91","urban",82.2125267839272,83.3927890956253,84.0041700968989,84.6396206045032,85.94895881964,87.5624654089139,89.9125872761431,92.4857132906839,93.6038235886895,94.5215258924473,96.0242968265594,97.5454389380817,99.2735291233215,101.084026985563,101.993490957235,102.907441079551,104.742465602363,106.551964526838,108.295760614177,110.002502398465,110.825232618667
"110","DE91","water",1.58022589182443,1.57995505223045,1.57984255760405,1.57979422707201,1.5798488654118,1.57996050844485,1.58008494137662,1.58023755037396,1.5802929591909,1.58035055721348,1.58044150460517,1.58053289437705,1.58062895682237,1.58072426289654,1.58075981349625,1.58079843887354,1.58086213542778,1.58090523136777,1.58093440495605,1.5809592137936,1.58097751282993
"111","DE92","cropland",435.294300010822,439.255755658984,439.779574223558,439.416994770792,435.71820480702,431.327500982595,425.459780232638,419.154424991468,416.445690842714,414.064572493537,409.932027959328,406.292224707369,402.679562620049,399.186120504352,397.57962243785,396.098295146766,393.325734372951,391.077411551551,389.417438397121,388.025399508253,387.271133696277
"112","DE92","forest",313.609190246948,311.825496389807,311.63466514772,311.840169732542,312.512990553472,311.521310025381,310.734795479436,310.141601776265,310.019986523322,310.101165555495,310.586309475558,310.881610412597,310.884751919868,310.709876559375,310.614508126212,310.519867033647,310.348723261972,310.09540208715,309.694570974934,309.219399267348,309.027428219247
"113","DE92","grassland",95.3426733681146,97.2473865293774,97.3033856286361,96.8352894213679,95.4034973108108,94.6118792951219,93.674891100084,92.5159076222702,91.9628445145675,91.4119564505024,90.4180658580784,89.5566606963121,88.7686642735628,88.0015565594964,87.5948377971677,87.1616761307587,86.2029663511715,85.249332133178,84.4077896856239,83.6156324811994,83.2150974502861
"114","DE92","other",8.36834840018405,8.36128237167859,8.35962826950055,8.35910577351305,8.36171373637864,8.36571880608187,8.36992323127747,8.37423131975312,8.37596632401248,8.37747619916111,8.3799172387648,8.38181604312773,8.38353074653253,8.38512751110895,8.38579075009694,8.38632955632892,8.38725849623462,8.38771783613155,8.38766357709575,8.38739970841647,8.38734787501881
"115","DE92","othernat",37.4776125271347,31.4132678551204,29.9936520522358,29.5452253644702,31.7834820735281,35.2207910367032,38.8291947551585,42.5265663937945,44.0156155574136,45.3114500287735,47.406446603356,49.0360754836737,50.5077016522982,51.8781080615029,52.4473259495706,52.9097507331134,53.7070036401777,54.1012272772949,54.054660030322,53.8281975105951,53.7837120420878
"116","DE92","urban",139.033796050852,141.029797827594,142.06373541309,143.138378168042,145.352666786653,148.081350052275,152.055760974369,156.407305580936,158.298198918198,159.85017207761,162.391584630391,164.964065618033,167.886527045397,170.948352297296,172.486393193246,174.032020847297,177.135324385498,180.195460282803,183.144482762048,186.030840820011,187.422201846305
"117","DE92","water",8.36834840018405,8.36128237167859,8.35962826950055,8.35910577351305,8.36171373637864,8.36571880608187,8.36992323127747,8.37423131975312,8.37596632401248,8.37747619916111,8.3799172387648,8.38181604312773,8.38353074653253,8.38512751110895,8.38579075009694,8.38632955632892,8.38725849623462,8.38771783613155,8.38766357709575,8.38739970841647,8.38734787501881
"118","DE93","cropland",513.095363239266,519.69609240675,521.568567233388,522.919768248977,522.084019039766,520.581804084908,513.812951762198,507.232335969694,504.195976429601,501.619471952545,497.270143490078,493.144675472913,489.538046085484,486.247720465878,484.681466713318,483.266901953467,480.800005115315,478.772885203703,477.226128930351,476.446292486569,476.175572214612
"119","DE93","forest",477.355780755861,479.601886896781,480.842111471248,482.20496213537,483.211193589697,480.035460248227,476.353296719083,473.117013394235,471.969400541444,471.300771827192,470.829197347794,470.406824211703,469.828669968757,469.227736469002,469.055715257545,469.018829428613,469.288033146861,469.951173702702,470.849478987058,472.095303014094,472.848426038437
"120","DE93","grassland",247.318854007753,251.567165269519,251.983278584752,251.529652140598,250.340695585369,249.396973888919,247.587926429968,245.50782883664,244.522741748457,243.640075129964,242.239446823073,241.19635877919,240.585719830397,240.260081735831,240.083655613933,239.889007188574,239.534054331278,239.42854538132,239.723148918572,240.632657103069,241.213436407298
"121","DE93","other",15.9381689537712,15.9341130034528,15.9328733230124,15.9319572865185,15.9315719858532,15.9322528078688,15.9343220919648,15.9361837579963,15.9369925592363,15.9376260190509,15.9385209783168,15.9392398591689,15.9396447057977,15.9398552295111,15.9399071075288,15.9398856556745,15.9396434646035,15.9391273793515,15.9383488971022,15.9371312719479,15.9364384241782
"122","DE93","othernat",140.981016978898,125.663557762187,120.98185480846,117.522406211783,116.067302779935,118.63845445556,126.453188922442,133.483845432819,136.538315787698,138.930602209932,142.310451808457,145.025334208548,146.554253756042,147.349305011714,147.545224428144,147.46421063874,146.549566334952,144.600549663186,141.660580195236,137.062169911346,134.44560249587
"123","DE93","urban",155.362783346453,157.59320789363,158.7485774919,159.949432926008,162.423781269299,165.47293794242,169.914128218152,174.776745086393,176.8897166101,178.623963078038,181.463854809738,184.338463845081,187.604157183497,191.025582094326,192.744260007775,194.47141571503,197.939190378161,201.358727526158,204.654101410353,207.8794511768,209.4342222312
"124","DE93","water",15.9381689537712,15.9341130034528,15.9328733230124,15.9319572865185,15.9315719858532,15.9322528078688,15.9343220919648,15.9361837579963,15.9369925592363,15.9376260190509,15.9385209783168,15.9392398591689,15.9396447057977,15.9398552295111,15.9399071075288,15.9398856556745,15.9396434646035,15.9391273793515,15.9383488971022,15.9371312719479,15.9364384241782
"125","DE94","cropland",498.304940045354,503.737644254631,505.762539830926,507.33104077367,507.877948780655,504.619655518015,498.187148895195,492.35979643416,490.14432958919,488.669631661676,487.144517076266,485.699299289718,484.515077525439,483.193782611235,482.468920813623,481.755264975892,480.537477069702,479.399768608552,478.433574699834,478.118336521593,478.093070372471
"126","DE94","forest",259.717297071636,262.262090925625,263.488991126798,264.611703724695,265.307397928007,263.001086765785,260.203437472928,257.746246529299,256.870973459433,256.351573428218,255.985331164189,255.647429383403,255.289387819815,254.968966976462,254.903287039932,254.927789732207,255.290245522424,255.996221644543,256.942404194586,258.274652731632,259.064591888152
"127","DE94","grassland",324.087934820129,330.389728161301,331.331747583322,330.806674284701,328.393980557627,326.861917988859,324.049334708186,320.770216419737,319.100462986209,317.473550272658,314.555838959075,312.002409337728,310.05915543679,308.692570005825,308.088560465936,307.505268047931,306.678161412946,306.489742790974,307.069724211991,308.673675846048,309.700309868066
"128","DE94","other",23.987532496751,23.9802132602423,23.9777447948981,23.9760848527873,23.9749913750799,23.9759795095902,23.9781234957716,23.9798010513776,23.9804208361651,23.9808113115322,23.9809879318514,23.9809472598802,23.9803058611512,23.9793681140735,23.9788488957704,23.9782738405908,23.9767589243016,23.9748359808812,23.9725047240635,23.9693668197505,23.9676361667068
"129","DE94","othernat",170.3960891815,152.690281078453,146.718869491831,142.703339122979,140.058130646912,142.448505653648,147.634976654923,151.693115452233,153.192423542427,154.137014130799,154.564272557928,154.465883864774,152.914289951793,150.645806102719,149.389776238191,147.998672583019,144.333971069491,139.682219873625,134.042726492047,126.451889447586,122.265303779734
"130","DE94","urban",239.697615446217,243.138770617844,244.921303935665,246.774013946719,250.591500894977,255.29581661285,262.147796835565,269.649964620154,272.909910308749,275.585549441924,279.967005937177,284.402025162955,289.440419102199,294.719079633951,297.370699209116,300.035398538107,305.385568635172,310.661316678882,315.745502511753,320.721653371978,323.120393316501
"131","DE94","water",23.987532496751,23.9802132602423,23.9777447948981,23.9760848527873,23.9749913750799,23.9759795095902,23.9781234957716,23.9798010513776,23.9804208361651,23.9808113115322,23.9809879318514,23.9809472598802,23.9803058611512,23.9793681140735,23.9788488957704,23.9782738405908,23.9767589243016,23.9748359808812,23.9725047240635,23.9693668197505,23.9676361667068
"132","DEA1","cropland",352.901090390449,357.751877214669,359.195568643967,359.654701289186,358.112375375239,354.627535768531,350.578082011643,346.428525068226,344.785115034515,343.48674289922,341.878046458941,340.538929986404,338.730802889669,336.834411403097,335.941011068106,335.043289399997,333.205392184812,331.444785656913,329.921328636882,328.432317745922,327.70393163665
"133","DEA1","forest",141.341291525618,142.082135554428,142.488359134179,142.834301069581,142.824102259292,141.59192538711,140.474257473709,139.454619621636,139.101127538489,138.877324302984,138.68985851082,138.534960160749,138.28975498601,138.003798545649,137.892122806982,137.807422022007,137.696168403324,137.658760722972,137.656057082615,137.650903152594,137.643953712693
"134","DEA1","grassland",113.993943871093,116.315884643114,116.548809316366,116.079326922843,114.424154396516,113.321064294267,111.996758524472,110.369200946288,109.586798767748,108.808094229173,107.364392586437,106.091905919554,104.901408886351,103.782175027312,103.211308912874,102.611484476851,101.365237827452,100.211832993056,99.2424533165629,98.3359333390797,97.8493723212916
"135","DEA1","other",7.17824116475489,7.16907979807743,7.16648911311762,7.16575134208028,7.1683982082031,7.1736554683651,7.17919068287641,7.18491914681066,7.18722228287065,7.18913369759557,7.19169953330742,7.19374852838413,7.19618417092417,7.1986323667964,7.19977395951101,7.20091961347925,7.20323969752632,7.20531427227244,7.20694085172654,7.20848816706465,7.20930314053984
"136","DEA1","othernat",32.2939434585561,23.7397847527523,21.3208082961693,20.6319361263018,23.1033701038736,28.012183315562,33.180528287163,38.529314266289,40.6798003315048,42.4645280348312,44.8603022315162,46.7734915722697,49.0477016952062,51.3336331256501,52.3995619986898,53.4692829487704,55.6355937021686,57.5726673125661,59.0914383963934,60.5361989256591,61.2971566182553
"137","DEA1","urban",45.8971198213089,46.5560296354174,46.8973477796183,47.2521033044624,47.9830728452077,48.8838516943362,50.1958637337957,51.6323732004746,52.2565851585364,52.7689145351357,53.6078725422068,54.4570867007892,55.4218345974505,56.4325885612344,56.9403186908617,57.4505533219521,58.4749998837262,59.4851961664829,60.4587122606285,61.4115418991505,61.8708508265655
"138","DEA1","water",7.17824116475489,7.16907979807743,7.16648911311762,7.16575134208028,7.1683982082031,7.1736554683651,7.17919068287641,7.18491914681066,7.18722228287065,7.18913369759557,7.19169953330742,7.19374852838413,7.19618417092417,7.1986323667964,7.19977395951101,7.20091961347925,7.20323969752632,7.20531427227244,7.20694085172654,7.20848816706465,7.20930314053984
"139","DEA2","cropland",278.277413844827,280.471240938678,281.387938495283,281.680491867035,280.543295823459,278.070274908866,274.420237293444,270.77013935849,269.147316279974,267.725831267516,265.302091920564,263.205228488451,261.102957889876,259.146002101123,258.266672065417,257.432239423368,255.906750182661,254.636690712788,253.673696539324,252.837384935704,252.40126633575
"140","DEA2","forest",269.156789673603,270.171340200832,270.765360853797,271.222155334409,270.981964478177,268.546193055323,266.01782688249,263.631661320969,262.740074520334,262.125766186488,261.41735071445,260.753931489425,259.866272584756,258.883391217135,258.441344785669,258.039885767243,257.327530128117,256.737594936216,256.225266921183,255.720132531331,255.471561243471
"141","DEA2","grassland",96.3621991349926,98.2085973523916,98.4307144140289,98.1087130742696,97.039997310318,96.5371995696075,95.8005712160921,94.8616923456633,94.3885164379751,93.9092805538818,93.0181143990391,92.2345215788003,91.4892872394769,90.7728785088911,90.3876816371733,89.9651723922126,89.0449413590129,88.141678975919,87.3467359887786,86.5848588892511,86.1836146990341
"142","DEA2","other",3.79723870163491,3.79649081638627,3.79619358644209,3.79602454151271,3.79601498333334,3.7962473190775,3.79648724056673,3.79668923066216,3.79677258784885,3.79684741277597,3.79696025400077,3.79702064356082,3.79705963151491,3.79707430423457,3.7970684303853,3.79705676487075,3.79701586322476,3.79693979898172,3.79682651170775,3.79670354424031,3.79665160332038
"143","DEA2","othernat",58.8876539979742,51.5448008645604,48.626551265738,46.9668419830191,46.8729982985076,49.1541065970454,51.5096929148362,53.4928629370745,54.311276698499,55.0459194147936,56.1538120260993,56.746726074175,57.1295158422917,57.2735748749909,57.2159045135468,57.101370685977,56.6997919943892,55.952981483237,54.8407094921732,53.633395862732,53.123431871496
"144","DEA2","urban",159.482841314088,161.772414379519,162.958423167023,164.191124026997,166.731089491626,169.861106599758,174.420072580759,179.411640945234,181.580646256275,183.360883120524,186.276085800601,189.226926450781,192.579222549324,196.091380058146,197.855635506178,199.628593570212,203.188329978124,206.698549662631,210.081313403881,213.392196061255,214.988198012363
"145","DEA2","water",3.79723870163491,3.79649081638627,3.79619358644209,3.79602454151271,3.79601498333334,3.7962473190775,3.79648724056673,3.79668923066216,3.79677258784885,3.79684741277597,3.79696025400077,3.79702064356082,3.79705963151491,3.79707430423457,3.7970684303853,3.79705676487075,3.79701586322476,3.79693979898172,3.79682651170775,3.79670354424031,3.79665160332038
"146","DEA3","cropland",340.034421682967,342.750637427044,343.562858559646,343.417526576682,342.035264074291,338.725989707721,336.033909441092,333.138856531861,332.052695448564,331.213996643732,330.279238285639,329.469439320298,328.187190663838,326.613827861724,325.785024750049,324.862244032419,322.913010693409,320.968428666061,319.109813324746,317.331118323907,316.472221374407
"147","DEA3","forest",197.916795396496,197.139569374761,197.156963172986,197.460572968276,197.748087187375,196.726703008826,195.541970679291,194.493885857269,194.159017259322,194.015010812837,193.992001502217,193.909662416978,193.685612752855,193.398148141212,193.29087396517,193.228518239833,193.186758689834,193.195075620899,193.186304724164,193.159603366385,193.15997278872
"148","DEA3","grassland",157.113019083581,160.342864786189,160.592523623007,159.857841911438,157.086292898959,155.684576276869,153.276001487906,150.51441506068,149.09325500087,147.616944445219,144.784490319111,142.259642126096,139.977304338246,137.932602551679,136.932197852463,135.913544722513,133.912861745986,132.134561964714,130.682791728431,129.43607514051,128.813342493339
"149","DEA3","other",1.29579521620407,1.29549843261056,1.29541234141155,1.29539473577147,1.29547183222673,1.29560780548807,1.29571849628283,1.29583219539657,1.29587858628917,1.29592200589649,1.29598309697084,1.29602717656756,1.29607330740853,1.29611893877495,1.29614078669197,1.29616518687536,1.29621284323683,1.29625045807233,1.29627568007707,1.29629204868343,1.29630036226746
"150","DEA3","othernat",30.9138253994315,23.9023970211887,21.8685168165979,21.4525885538374,23.2739704837194,26.4863002891426,29.101338979262,31.7874483535162,32.883420058027,33.9091959890926,35.352455325947,36.3938233202146,37.4836513780784,38.561679491627,39.0778303459147,39.6542777709217,40.7801458192569,41.6687856595552,42.264648381343,42.6513520726189,42.8477581418496
"151","DEA3","urban",128.389273876476,130.232460396956,131.187239016299,132.179606389584,134.224367562561,136.744140977825,140.414268291243,144.432655677241,146.178780931997,147.611933968686,149.958774244504,152.334304334637,155.033020123525,157.860429947567,159.280717384379,160.708010731922,163.573723236399,166.399573043986,169.122816352522,171.788192870571,173.073030348508
"152","DEA3","water",1.29579521620407,1.29549843261056,1.29541234141155,1.29539473577147,1.29547183222673,1.29560780548807,1.29571849628283,1.29583219539657,1.29587858628917,1.29592200589649,1.29598309697084,1.29602717656756,1.29607330740853,1.29611893877495,1.29614078669197,1.29616518687536,1.29621284323683,1.29625045807233,1.29627568007707,1.29629204868343,1.29630036226746
"153","DEA4","cropland",295.684505190345,298.55063810554,299.443476887177,299.475615075928,297.870360161913,295.87341777597,293.299239557628,290.534531102768,289.322748447224,288.185134273385,286.290671975654,284.493104451906,282.510490543735,280.474692720599,279.465414767448,278.427188476902,276.380947664462,274.510861484271,272.827697759399,271.221927989887,270.391071322509
"154","DEA4","forest",233.576201216892,234.338721601577,234.798498708268,235.166994845439,234.94429935523,232.977888528053,230.97552053652,229.109627487549,228.457548979588,228.029320580193,227.629172979205,227.249759497572,226.687545839094,226.049479910519,225.772204474212,225.529204438859,225.128803477768,224.829377616581,224.57278300312,224.319334989608,224.19727309237
"155","DEA4","grassland",92.5315692673961,94.2805981071833,94.3876443981817,93.9251236376324,92.4866743310318,91.7568082489528,90.6627160156426,89.366394623325,88.7414741150294,88.1007414695654,86.9348915072469,85.9056307277542,84.9537609947708,84.0817077886668,83.638095188374,83.1691213882134,82.1979680216741,81.2837811858692,80.504260773532,79.7875386544284,79.4195430521964
"156","DEA4","other",1.88443481743717,1.88402364260978,1.88388843355835,1.88384052416455,1.88392592984313,1.8840703604961,1.88421238041149,1.88435134638124,1.88440664804407,1.88446165039607,1.88454275059392,1.88460744868953,1.88467239952712,1.88473355366974,1.884761278725,1.88478981509528,1.88484146450835,1.88487558662022,1.88489366133676,1.88490633336941,1.88491708702311
"157","DEA4","othernat",37.146756644441,30.1379497696595,27.8332023338344,27.0165480391541,28.4723567786353,30.9342938574735,33.3551379680196,35.7239251098164,36.6665865978839,37.6041460911245,38.9865644357082,40.0893957064458,41.1965351678601,42.23895689852,42.7115528479197,43.1979783166363,44.0783842589737,44.6600232029492,44.9681213382828,45.1841263646114,45.3674310734893
"158","DEA4","urban",113.675148385855,115.307095470624,116.152451145226,117.031087693322,118.841507853307,121.072501208363,124.322011501171,127.879869323582,129.425878903991,130.694784624744,132.772663940802,134.875945058747,137.26537299529,139.768745914159,141.0262605044,142.289978089003,144.82726398791,147.329255676893,149.740400142796,152.10030967453,153.237897625192
"159","DEA4","water",1.88443481743717,1.88402364260978,1.88388843355835,1.88384052416455,1.88392592984313,1.8840703604961,1.88421238041149,1.88435134638124,1.88440664804407,1.88446165039607,1.88454275059392,1.88460744868953,1.88467239952712,1.88473355366974,1.884761278725,1.88478981509528,1.88484146450835,1.88487558662022,1.88489366133676,1.88490633336941,1.88491708702311
"160","DEA5","cropland",233.361076755788,235.289556287271,235.864681987229,235.93549649585,235.666194344639,234.627008973674,234.166887467233,233.508671367598,233.302579086824,233.196889063654,233.387214221764,233.504863259163,233.168237644372,232.613835044279,232.273786658543,231.865288670988,230.919733174265,229.867219363007,228.815644287998,227.667572488526,227.075643564742
"161","DEA5","forest",356.980044166953,358.602723414634,359.372826836138,359.870216655022,359.378621373107,356.339744095825,353.466070102616,350.725705604768,349.758098694206,349.12064109443,348.5694915243,348.09299979811,347.335043652549,346.477669898986,346.099013291995,345.757779909097,345.175104668906,344.703158962607,344.28651109583,343.805873747151,343.545941204273
"162","DEA5","grassland",92.3372904156582,93.7039139746204,93.6529386302333,93.0793975491404,91.5038631790188,90.9228710578537,89.8748819269484,88.5906612138558,87.9319200044165,87.2383002343019,85.8808121106144,84.6693941474642,83.6020596634275,82.6588444897523,82.1822836039212,81.6876173543538,80.6857790481043,79.7542508680541,78.9665776692048,78.2299015664569,77.8393018222546
"163","DEA5","other",1.81599856308764,1.81587875126251,1.81583848249146,1.81582011594897,1.81582271400337,1.81585686938109,1.81586480458556,1.81587149672789,1.81587088479653,1.81586921333975,1.81585544248912,1.81583856317086,1.81582596176461,1.81581432428733,1.81580869214847,1.81580378414991,1.8157944789986,1.81578462698352,1.81577320375521,1.81576476107253,1.81576246926642
"164","DEA5","othernat",86.0002934297112,79.1113089113698,76.7959202589109,75.7398740234069,75.8892579137402,77.853136421071,78.3093977348525,78.6941850036595,78.6589999482172,78.5628939099346,77.7710924605154,76.8005591935921,76.0759988875238,75.4068629259859,75.0830241273111,74.8008222156249,74.2657911920514,73.6993163976536,73.0424994023086,72.5570589177391,72.4252838054846
"165","DEA5","urban",137.323042934501,139.294484738366,140.315700151292,141.377119873469,143.564162590275,146.259270541601,150.184777987966,154.482778645449,156.35040532553,157.883282099787,160.393423626615,162.934251304115,165.820753057385,168.844903821209,170.364019762719,171.890629110423,174.955747787463,177.978229983497,180.890965965935,183.741808586769,185.116049493499
"166","DEA5","water",1.81599856308764,1.81587875126251,1.81583848249146,1.81582011594897,1.81582271400337,1.81585686938109,1.81586480458556,1.81587149672789,1.81587088479653,1.81586921333975,1.81585544248912,1.81583856317086,1.81582596176461,1.81581432428733,1.81580869214847,1.81580378414991,1.8157944789986,1.81578462698352,1.81577320375521,1.81576476107253,1.81576246926642
"167","DEB1","cropland",214.66076100073,216.059878683128,215.930142011515,215.812423050722,215.160770757037,213.655660720548,212.00247940252,210.162328527678,209.307189171044,208.615294996733,207.504639764481,206.407499656203,205.42955424732,204.455523500098,203.953361945907,203.478168210358,202.593670374461,201.813970366109,201.082161873282,200.431159030682,200.10837731716
"168","DEB1","forest",425.334044992381,426.277235516371,426.681494877904,427.225867877505,427.162329185202,424.622364258565,422.099180460447,419.842719716958,419.088881651895,418.66865545699,418.410087314785,418.184700792787,417.807922473234,417.353263328832,417.191037846088,417.099165210223,417.081961928014,417.241969307343,417.48296986857,417.82930804062,418.055049746741
"169","DEB1","grassland",67.3454194064142,68.5259754656522,68.5664398208402,68.3421669093026,67.4058757521884,67.4587644071737,66.8665350084322,66.1296197899428,65.7240522628072,65.3065216180966,64.5091907125044,63.8017884152175,63.1823411699988,62.6469924036036,62.3842361594214,62.1218920497075,61.6160518146107,61.1846921843954,60.8765490844981,60.6911582231924,60.6209847097626
"170","DEB1","other",2.40370537205808,2.40357433744484,2.40354981661171,2.40352791995705,2.40354219831636,2.40361599002725,2.40369343001018,2.4037670895503,2.40379663378554,2.40381732736912,2.40384149950795,2.40386128344322,2.40387422777055,2.4038847951438,2.40388839637947,2.4038890776786,2.40388304449535,2.40386742093628,2.40384622149457,2.40381709014664,2.40380106566755
"171","DEB1","othernat",69.4328742056886,64.8698229549258,64.0159278244754,63.2534151183287,63.7506340110543,66.3203012947981,69.0170132720968,71.5820779397822,72.610904264376,73.3315221232321,74.1732745852857,74.8622155339368,75.3129790949593,75.6809693876544,75.806376121964,75.8301011725772,75.6200061164055,75.0759429963061,74.3377095135759,73.3232612646679,72.765236806671
"172","DEB1","urban",72.4736737768291,73.5141228311917,74.0530799582012,74.6132553303859,75.7674900240447,77.1898614650191,79.2615891226424,81.5299039726971,82.5155635084653,83.3245552763693,84.6493087500873,85.9902571611283,87.513638685105,89.1096659156832,89.9113952600196,90.7170793279364,92.3347278036768,93.9298744301332,95.4671013432436,96.9716633867031,97.6969334144899
"173","DEB1","water",2.40370537205808,2.40357433744484,2.40354981661171,2.40352791995705,2.40354219831636,2.40361599002725,2.40369343001018,2.4037670895503,2.40379663378554,2.40381732736912,2.40384149950795,2.40386128344322,2.40387422777055,2.4038847951438,2.40388839637947,2.4038890776786,2.40388304449535,2.40386742093628,2.40384622149457,2.40381709014664,2.40380106566755
"174","DEB2","cropland",130.569543102046,131.192612438352,132.373812976495,132.459993325854,132.751971325284,132.925249047071,132.375036346276,131.949584028454,131.734531158883,131.375227564228,130.906089076622,130.379592109684,129.743587966926,129.143227637278,128.853986085466,128.49629124729,127.906149883491,127.356856090962,126.817525069694,126.350036100989,126.116743285336
"175","DEB2","forest",272.739074974496,273.693322730912,274.905223500855,275.520687189225,275.986148224465,275.008322492167,273.634453552529,272.599497657266,272.286565932154,272.045384405904,271.992965648377,271.975733910959,271.795067807271,271.638179268915,271.635033864087,271.642979082451,271.871429469756,272.268870105385,272.734051345821,273.330247706122,273.672904836936
"176","DEB2","grassland",84.3350654770112,85.624295630209,86.0072147169206,85.7267953316617,84.8245864032379,85.1859782122634,84.756207743477,84.2501086658473,83.9538706176294,83.5632020870172,82.8295062508993,82.2326596614772,81.7073014577688,81.3284618508545,81.1530735221615,80.9366603232289,80.5586454540483,80.2605688137364,80.0916325261829,80.1028058854629,80.137124061927
"177","DEB2","other",0.950652242211903,0.950617995782022,0.950586534675261,0.950580021569672,0.950577363651437,0.950576901916432,0.950594384884772,0.950607036690774,0.950612212413455,0.950619804471887,0.950628328050142,0.950635574032328,0.950644297650477,0.950650568563849,0.950652624922097,0.950655712497024,0.950657692321367,0.950656674415424,0.950653668894893,0.950646712226527,0.950642548415391
"178","DEB2","othernat",44.1406146698767,40.9181903233511,37.9578514881034,37.3449995749306,37.094902252023,37.051455208746,38.6965184466849,39.8869925436525,40.374003155753,41.0883793408229,41.8904070612363,42.5722191372257,43.3930696485735,43.9831324372517,44.1766258582828,44.4671518090561,44.6534437570352,44.557663707063,44.2748586812128,43.6202696405828,43.228475043023
"179","DEB2","urban",24.7937990956247,25.1497446890899,25.3341260517536,25.5257663386673,25.9206388711665,26.4072430393982,27.1159969447423,27.8920048348772,28.2292065142315,28.505968796563,28.9591771102431,29.4179258360677,29.9390863276384,30.4850994720521,30.7593772236362,31.0350079164584,31.5884178545052,32.1341297375011,32.6600268427782,33.174749045869,33.4228694794258
"180","DEB2","water",0.950652242211903,0.950617995782022,0.950586534675261,0.950580021569672,0.950577363651437,0.950576901916432,0.950594384884772,0.950607036690774,0.950612212413455,0.950619804471887,0.950628328050142,0.950635574032328,0.950644297650477,0.950650568563849,0.950652624922097,0.950655712497024,0.950657692321367,0.950656674415424,0.950653668894893,0.950646712226527,0.950642548415391
"181","DEB3","cropland",321.654952993312,324.107611289915,323.310592080756,322.177654932813,317.577424748553,311.486290145806,305.150112155769,297.866896460172,294.657364426342,291.622301638741,286.141435979606,281.028830847006,276.541891809448,272.528116082561,270.680128066358,268.954916011007,265.796211164922,262.878609412662,260.023672914868,256.757440738011,254.863973848735
"182","DEB3","forest",333.116072503994,333.239469472791,333.692739339029,334.233436104264,334.84499977276,333.99238137847,333.284348218856,332.85238342374,332.847272073684,333.032185757431,333.691603217471,334.227558649673,334.393268350165,334.313858151033,334.2574990509,334.197085521251,334.056740064533,333.90399725736,333.746233654795,333.64006578988,333.625005099154
"183","DEB3","grassland",42.3067344875323,43.397819804628,43.5539547980708,43.4874007190175,42.7514808817705,42.8865610061438,42.4191007184891,41.7967913056716,41.4365498786839,41.0546884046347,40.3219798900677,39.6222925615861,38.9261440712457,38.2588500291311,37.9272574390548,37.5957884416209,36.9442225319265,36.3397603981224,35.8141325633387,35.3366970543359,35.0971620633378
"184","DEB3","other",3.46660121025053,3.46579281234983,3.46572753584249,3.46573823479231,3.46633051971579,3.46722746968478,3.4681265459932,3.46913007856805,3.46955801223219,3.46995969126512,3.47066176197913,3.47131386661649,3.47188926484977,3.47240807513857,3.47264237337076,3.47285583258607,3.47323359591799,3.47356870171363,3.4738911238655,3.47427218301083,3.47450536689331
"185","DEB3","othernat",39.8749099493161,35.1031047134557,34.7177910226383,34.7809447047228,38.2770798339115,43.5715895730113,48.8786506529663,54.8022954210826,57.3282991345183,59.6993272022801,63.8435050955838,67.6927435957017,71.0892000930332,74.1516296842724,75.5346435814682,76.7946490816799,79.0245077237049,81.0025677716686,82.9057588996357,85.1550720451384,86.5315081670467
"186","DEB3","urban",77.0593048415479,78.165586290714,78.7386448840238,79.3342642658015,80.5615309197762,82.0739001534027,84.2767123581361,86.6885504284018,87.7365756585098,88.5967548105863,90.0053294895172,91.4311238090033,93.0508943426118,94.7479070989294,95.6003643116804,96.4570264754715,98.1770285192812,99.8731049529631,101.507596915836,103.107357202816,103.878517284143
"187","DEB3","water",3.46660121025053,3.46579281234983,3.46572753584249,3.46573823479231,3.46633051971579,3.46722746968478,3.4681265459932,3.46913007856805,3.46955801223219,3.46995969126512,3.47066176197913,3.47131386661649,3.47188926484977,3.47240807513857,3.47264237337076,3.47285583258607,3.47323359591799,3.47356870171363,3.4738911238655,3.47427218301083,3.47450536689331
"188","DEC0","cropland",71.0510853990585,71.5234546370034,71.4921667446923,71.5081974480391,71.2990173824413,70.8978282021352,70.7754520345756,70.5940116604958,70.5324413860009,70.509589133891,70.5037112299692,70.4817512116437,70.3635163755807,70.170049713833,70.0633554571728,69.9409197914339,69.6475617292804,69.3170211015228,68.97891763742,68.6083246914617,68.4144204848059
"189","DEC0","forest",164.676647095031,165.01119094544,165.133514000778,165.355676280305,165.225685529899,164.19347733482,163.2556476012,162.403475565479,162.122532103637,161.96959259791,161.865166751278,161.785626393493,161.631810045634,161.437180510303,161.366814994117,161.317150820105,161.255788057303,161.22975437969,161.211688009111,161.173224579679,161.149556578202
"190","DEC0","grassland",32.7680603730441,33.3044798230011,33.2723099540876,33.116826976335,32.5255916019924,32.5021675615329,32.1579076987119,31.7245185961004,31.4841577674274,31.2301269707066,30.7116626562863,30.2499538393581,29.8490683787521,29.5012365188895,29.3324242021729,29.1619987078426,28.8224133077924,28.514491349362,28.2655355876994,28.0437866485036,27.9274293471283
"191","DEC0","other",0.213552897755591,0.213545867481829,0.213544799722741,0.213543602939127,0.213545585240635,0.213549281813679,0.213551766937725,0.213554202049852,0.213555039610957,0.21355553075121,0.213556031617834,0.213556242635197,0.213556616128814,0.213557132298813,0.213557295392579,0.21355743887314,0.213557753563798,0.21355798244626,0.213558060607832,0.21355829283458,0.213558525403699
"192","DEC0","othernat",15.8764170231923,14.1366203295189,13.872379733871,13.5762091649244,14.0667735051268,14.9815722422965,15.5965711377437,16.1991934781806,16.4064664935739,16.5280100089109,16.6519605301229,16.7041814431355,16.7966106966999,16.9243483762575,16.9647095346182,17.0002169718937,17.0780941331388,17.1347361611167,17.1540789706434,17.2115486130448,17.2691029848972
"193","DEC0","urban",27.6171454613922,28.0136236773024,28.219001114355,28.4324640717478,28.8723019572884,29.4143172428179,30.2037791411226,31.0681534428739,31.4437533173682,31.7520313743089,32.2568479163379,32.7678357743286,33.3483424183055,33.9565317633489,34.2620423683639,34.569059978208,35.1854884125868,35.793342190646,36.3791248211398,36.9524600288712,37.2288347013887
"194","DEC0","water",0.213552897755591,0.213545867481829,0.213544799722741,0.213543602939127,0.213545585240635,0.213549281813679,0.213551766937725,0.213554202049852,0.213555039610957,0.21355553075121,0.213556031617834,0.213556242635197,0.213556616128814,0.213557132298813,0.213557295392579,0.21355743887314,0.213557753563798,0.21355798244626,0.213558060607832,0.21355829283458,0.213558525403699
"195","DED4","cropland",275.99067258898,279.252023275658,279.066554562166,279.297900840023,278.230787727377,276.118395324562,273.365937693667,270.450914028309,269.217539519233,268.295960091283,266.686116271818,265.019802442375,263.57174405605,261.990091180029,261.159937965281,260.454970342198,258.926894263565,257.564954289293,256.434380854263,255.571363669283,255.19572186936
"196","DED4","forest",226.089650708492,228.631092173084,228.825541488305,229.425636725863,228.984088034552,226.117266967133,223.190155636143,220.465735053866,219.523407372575,218.973249520406,218.371092450864,217.786525632968,217.296103160486,216.703021512127,216.446173254448,216.315084715186,216.094897177438,216.07143508805,216.23168756693,216.603765364952,216.859530114514
"197","DED4","grassland",131.497333934138,133.853155498313,133.416558688135,132.800024038909,130.932611845722,129.994597213127,128.416551412461,126.579155211486,125.771404010152,125.064398691877,123.739405740857,122.532815385597,121.636900332704,120.827670470342,120.404490255924,120.010916959689,119.135941859721,118.35824704079,117.829712901115,117.552505591068,117.464774713003
"198","DED4","other",1.04568512571492,1.04553905311465,1.04553621023824,1.04552293773803,1.04555534825606,1.04562277962845,1.04569969827058,1.04577656971241,1.04580581859025,1.04582560055711,1.04585751265432,1.04588789387809,1.04590529787873,1.04592375722548,1.04593320595446,1.04593819461274,1.04595062680201,1.04595625670557,1.04595251709503,1.04593792113058,1.04592833962873
"199","DED4","othernat",40.5411794334638,31.206629021574,31.0249592694995,30.1768000516853,32.2479455912557,36.5570462963944,41.4724167437935,46.384770926579,48.2538765920893,49.5180135110121,51.5573082151294,53.4987747484644,54.6109513032728,55.7905681683332,56.3943750203042,56.7131677446357,57.5076281513218,57.8673986950799,57.6284244930428,56.6956912772591,56.0833997757639
"200","DED4","urban",81.9315707951368,83.1077996367813,83.7170912830571,84.3503701796832,85.6552338162212,87.2632263511661,89.605316829034,92.1696493519747,93.2839385804104,94.1985046959466,95.6961400076635,97.2120837144804,98.9342682633692,100.738578866358,101.644934803775,102.555761560706,104.38451500599,106.187830085016,107.925666862099,109.626575966816,110.446494559742
"201","DED4","water",1.04568512571492,1.04553905311465,1.04553621023824,1.04552293773803,1.04555534825606,1.04562277962845,1.04569969827058,1.04577656971241,1.04580581859025,1.04582560055711,1.04585751265432,1.04588789387809,1.04590529787873,1.04592375722548,1.04593320595446,1.04593819461274,1.04595062680201,1.04595625670557,1.04595251709503,1.04593792113058,1.04592833962873
"202","DED5","cropland",253.107816199351,256.186927891373,256.865944162543,256.870359242925,255.282863506336,252.586096856913,249.18117344779,245.684092823235,244.127347774502,242.709296808565,240.34209522756,238.188400546638,236.018342626734,233.799609970782,232.722930564922,231.744371969579,229.822045044184,228.185024638762,226.881110442274,225.7903758771,225.268682388551
"203","DED5","forest",112.012741420449,113.093543659328,113.482380726361,113.729908486102,113.474263217482,112.054516061786,110.616652198255,109.295487782904,108.812980031319,108.465169338624,108.077538324514,107.74612120343,107.355038901917,106.913188141801,106.720917716999,106.571225622834,106.315838595775,106.154085473269,106.077008461814,106.056385914491,106.065225693753
"204","DED5","grassland",58.728927376819,60.0764237385617,60.1769899728677,59.9134721033325,58.9335863762331,58.4856594933277,57.6179073531528,56.6305686023855,56.1598001405949,55.7043388931672,54.9165368105487,54.2256026405981,53.6020601548768,53.0203285185311,52.7321753366924,52.4512377033242,51.8706003383664,51.3444075740325,50.9393356747899,50.6177778807967,50.4740575210007
"205","DED5","other",4.59825691943573,4.5873770304275,4.58469497460544,4.58405718477352,4.58765155418008,4.59398459594313,4.60156453618763,4.60908019428748,4.61232372948586,4.61526856159389,4.61992448425144,4.62391854550221,4.62771343154954,4.63152403613929,4.63331264972015,4.63483723985542,4.63777378396142,4.63997679574043,4.64130285111006,4.64204801374264,4.64234731806468
"206","DED5","othernat",18.429708422922,12.2470151981999,10.7228885874685,10.3604530084135,12.4030182735797,16.0018835166621,20.3093213184647,24.5802296317922,26.4234270283847,28.0968810046608,30.7426930573283,33.0123904242478,35.1689028882646,37.3343476976096,38.350759635235,39.217135486379,40.8858796559593,42.1377808463134,42.891335734906,43.314787845129,43.484872926215
"207","DED5","urban",48.5533104846736,49.2503531947687,49.611424344635,49.9867105327658,50.7599832610942,51.7128926225104,53.1008343530486,54.6204785141938,55.2808153093133,55.8227945748814,56.7103053546323,57.6086658371673,58.6292463081946,59.6984953420833,60.2356091897973,60.775372481259,61.8591065408782,62.9277656192282,63.9576217270821,64.9655941980842,65.4514845774364
"208","DED5","water",4.59825691943573,4.5873770304275,4.58469497460544,4.58405718477352,4.58765155418008,4.59398459594313,4.60156453618763,4.60908019428748,4.61232372948586,4.61526856159389,4.61992448425144,4.62391854550221,4.62771343154954,4.63152403613929,4.63331264972015,4.63483723985542,4.63777378396142,4.63997679574043,4.64130285111006,4.64204801374264,4.64234731806468
"209","DEE0","cropland",648.816740466462,656.714042581414,657.321963333996,658.135376181836,653.736641051482,648.413047418625,640.98543885451,633.367570286478,629.864981470655,626.954923142102,621.24806224356,615.961306213646,610.885180990464,605.705937501761,603.183009116521,600.896882339816,596.368068573913,592.413550155081,589.404215432893,586.999516999095,585.709133209732
"210","DEE0","forest",480.626160455237,482.891661677579,483.464305467323,484.351214975687,483.455955385883,478.812058876593,474.056822402167,469.716108942075,468.160344258526,467.187396666346,466.082501928419,465.09862262715,463.86350311029,462.436094845579,461.810906083602,461.30807742185,460.430454282853,459.751570768283,459.277568376905,458.927633225403,458.780895846246
"211","DEE0","grassland",132.132876931914,134.733169434125,134.546366805457,134.000821295609,131.975670371006,130.753968110689,129.136054758871,127.355992248547,126.570871285539,125.877726795735,124.596444154886,123.529357116419,122.62592985666,121.767188853612,121.315270856032,120.855463676224,119.806237074794,118.753494611017,117.916833493105,117.217113747062,116.869307722453
"212","DEE0","other",17.4006829518565,17.39288536533,17.3915352761244,17.3900736865798,17.3917047258404,17.3947533148345,17.3979985525537,17.4008951216436,17.4020932571079,17.4029713522001,17.4046962055714,17.4060332205407,17.4070153600107,17.4079996602572,17.4084222781361,17.408670328355,17.4091362009071,17.4092702161977,17.4088442335934,17.4080568670678,17.407734650126
"213","DEE0","othernat",135.037618368172,118.763884788598,115.946219096094,112.895849757893,116.299864358342,122.662336248288,129.43521832725,135.480421352956,137.980956264959,139.813559922414,143.413366623122,146.203746098954,148.253492647845,150.307748784384,151.189761538462,151.707447768909,152.679733971555,152.959426813949,152.070391804609,150.427140649003,149.754666846335
"214","DEE0","urban",245.623803236865,249.150036149987,250.976640107245,252.87515577818,256.787024743971,261.6076480785,268.629033914457,276.316682289021,279.657225568469,282.399016131367,286.888798001234,291.433466865114,296.596428037084,302.005596056513,304.722773211475,307.453353498855,312.935799057434,318.341982581638,323.551867787665,328.651047007666,331.109092437345
"215","DEE0","water",17.4006829518565,17.39288536533,17.3915352761244,17.3900736865798,17.3917047258404,17.3947533148345,17.3979985525537,17.4008951216436,17.4020932571079,17.4029713522001,17.4046962055714,17.4060332205407,17.4070153600107,17.4079996602572,17.4084222781361,17.408670328355,17.4091362009071,17.4092702161977,17.4088442335934,17.4080568670678,17.407734650126
"216","DEF0","cropland",556.450564555311,563.355267085897,564.887251396247,564.962561659038,562.147868252551,557.328024061833,552.810080926028,548.102295265679,546.156717911507,544.473541691421,541.951108666691,539.560907961225,536.541599548706,533.052048643358,531.251711028889,529.435458949633,525.560852394234,521.740933680538,518.142082629235,514.611104228857,512.798449048493
"217","DEF0","forest",236.670171206086,238.99878140622,239.789940577221,240.243081451404,239.499803321077,236.6340552515,233.895072291308,231.368057115543,230.461600551893,229.809431970218,229.063897422079,228.42623327392,227.630685763338,226.723527908749,226.314642036182,225.95512390346,225.28871843501,224.740165808305,224.280214603947,223.843172459261,223.610519593717
"218","DEF0","grassland",275.445102396544,280.55900641108,280.552935383114,278.90922775496,273.952788038873,271.073848350901,267.101175370618,262.640079674968,260.569957278269,258.500819365542,254.63164700444,251.226959347391,248.217581892096,245.433709585411,244.027580284558,242.58883015275,239.591780648676,236.782276280726,234.428345628962,232.32491812188,231.233404338006
"219","DEF0","other",24.5015234406977,24.4942415919271,24.4925723476696,24.492285967074,24.4942515473799,24.4967034131772,24.4985652334762,24.5003573486399,24.501070261348,24.501805270431,24.5029778926658,24.5038393144567,24.5046191762014,24.505448938766,24.5058691825989,24.506283825516,24.5072318029934,24.5080616654183,24.5086539430795,24.5091493490265,24.5094745318466
"220","DEF0","othernat",175.816795298998,158.118872902638,154.061914805694,153.365890799156,158.143068795179,164.102122872613,168.627120878782,172.982706402533,174.715380917142,176.501758816772,179.351718760239,181.445332138971,183.340720668834,185.357388954254,186.378756326246,187.386511142456,189.6904908535,191.707401841532,193.146882997349,194.350925580638,195.141255137596
"221","DEF0","urban",234.411701295758,237.776970644401,239.520194776476,241.332048035385,245.065350131651,249.66592427089,256.366801700402,263.703528478088,266.891584452583,269.508219249276,273.79305399531,278.13027028367,283.057555408713,288.219808664788,290.812953593019,293.41888983476,298.651075696683,303.810480692153,308.782547888439,313.648962545403,315.994804452585
"222","DEF0","water",24.5015234406977,24.4942415919271,24.4925723476696,24.492285967074,24.4942515473799,24.4967034131772,24.4985652334762,24.5003573486399,24.501070261348,24.501805270431,24.5029778926658,24.5038393144567,24.5046191762014,24.505448938766,24.5058691825989,24.506283825516,24.5072318029934,24.5080616654183,24.5086539430795,24.5091493490265,24.5094745318466
"223","DEG0","cropland",492.582837720961,498.502291944749,499.265675456632,500.197208729583,497.628307397887,495.469845985621,492.354014757807,488.873452170018,487.037788049114,485.367800679068,481.757076820142,478.089646685306,474.152543567213,469.926248896874,467.783061932718,465.716334040305,461.407048854524,457.329962996038,453.596490451093,449.979022838659,447.963084275658
"224","DEG0","forest",490.201437258538,492.876589110995,493.551625669213,494.601473251523,493.630270581219,489.03778136452,484.582844388255,480.570962159209,479.176260380175,478.325091216111,477.410778171958,476.629721793346,475.588551609327,474.334342334183,473.785568965184,473.346496540259,472.526559769944,471.837648319574,471.241100036428,470.628459825865,470.255748591142
"225","DEG0","grassland",160.467306242618,163.141927718922,162.821764897003,162.073522871806,159.390279470766,158.086063822468,156.088106231336,153.845221290627,152.828539135405,151.881911034811,150.112309906864,148.600167130933,147.274116632533,146.030577515599,145.392782408259,144.743198411391,143.303585317941,141.871425770205,140.660493391832,139.555290739543,138.967200133203
"226","DEG0","other",3.08266383678657,3.08226817009956,3.08220240204572,3.08213195492205,3.08224529011799,3.08239634121643,3.08255253083666,3.0827016752873,3.08276697667337,3.0828200417725,3.08292510645612,3.08301933474344,3.08311260198091,3.08321382911735,3.08326326499506,3.0833073174156,3.08340265158387,3.08348842186878,3.08355833209562,3.08362416421998,3.0836678395576
"227","DEG0","othernat",88.1882674840141,74.7738426668959,72.5440855448137,70.1556922952938,73.998134722207,79.1192724629302,84.4146232886071,89.4711192880189,91.6850548117443,93.4841392582569,97.0461836397776,100.240837922572,103.40290939782,106.834848086822,108.510889781897,110.004414262946,113.236561609665,116.144461305374,118.51465195483,120.746581282753,122.227321390149
"228","DEG0","urban",149.481300332803,151.627288930747,152.738920340756,153.894315654458,156.274993960192,159.208720394536,163.48178298483,168.160318454062,170.193300382724,171.861894440715,174.594277960855,177.360064510864,180.502130301652,183.794032220796,185.44764709446,187.109418822776,190.445915857267,193.73600147758,196.906624214135,200.009873697248,201.505786643241
"229","DEG0","water",3.08266383678657,3.08226817009956,3.08220240204572,3.08213195492205,3.08224529011799,3.08239634121643,3.08255253083666,3.0827016752873,3.08276697667337,3.0828200417725,3.08292510645612,3.08301933474344,3.08311260198091,3.08321382911735,3.08326326499506,3.0833073174156,3.08340265158387,3.08348842186878,3.08355833209562,3.08362416421998,3.0836678395576
"230","NL11","cropland",57.7822590957644,59.1738193321566,59.8012487448896,60.2006625886654,59.802313222655,60.1684855462478,59.3676921122009,58.3485199075159,57.8577024160141,57.3520286170408,56.4009692397249,55.1974320405438,54.1234907865716,53.0695727138028,52.5946529996323,52.1580580055086,51.2787981320829,50.7961341312405,50.6951789627262,50.7001892930606,50.6864993703754
"231","NL11","grassland",57.9180230315649,60.2956926479416,60.8956852261498,61.2619476559103,61.4154663489104,60.9978873352067,60.2706199798905,59.4024739962046,59.1736182381751,59.0997981545768,59.0875674366386,58.7684726030689,58.383558173144,58.0217186805619,57.8261942728639,57.6387948886326,57.2161680254048,56.7737584984279,56.3747473035486,55.964654159546,55.7235412942017
"232","NL11","other",6.03337615151824,6.02715492644024,6.02478137723442,6.0228890830083,6.02116773832697,6.01921504354419,6.01919631132099,6.01966184763476,6.01962645180144,6.01943115801549,6.01138354127391,5.971859602288,5.93156055361288,5.89178879180113,5.87233403861499,5.85328961341476,5.81618500034365,5.78006996140558,5.74643800737034,5.71446865369279,5.69905974715777
"233","NL11","othernat",24.3251410856347,19.3493779888886,17.4510029263215,15.9375377067888,14.5607986844243,12.999024878932,12.984042718901,13.3563807039709,13.3280709611757,13.1718741345973,12.8066353223787,13.5285819267739,14.1815892282651,14.791642972547,15.0680359385526,15.3061432527203,15.8524547082995,16.0427671868558,15.8304062391824,15.5361485672205,15.4568323964723
"234","NL11","urban",73.2467209170348,74.4656966111681,75.1413967812056,75.8929703156543,77.5179827003917,79.1350685855604,80.678148999401,82.1921981300744,82.9402519140675,83.6763332107895,85.0209573517454,85.9006906580728,86.7871371378288,87.6723844825214,88.1053451447565,88.5293210593443,89.3591055665608,90.1660966936999,90.9456879128374,91.7089671058227,92.0739038776703
"235","NL11","water",6.03337615151824,6.02715492644024,6.02478137723442,6.0228890830083,6.02116773832697,6.01921504354419,6.01919631132099,6.01966184763476,6.01962645180144,6.01943115801549,6.01138354127391,5.971859602288,5.93156055361288,5.89178879180113,5.87233403861499,5.85328961341476,5.81618500034365,5.78006996140558,5.74643800737034,5.71446865369279,5.69905974715777
"236","NL130000","cropland",53.3508138035692,54.6043627557858,55.0815250102281,55.3570287487683,55.0781865914439,55.1477893419888,54.3601455174963,53.3819416534196,53.0064772208856,52.7155636155829,52.5047755991695,52.527422547383,52.6940043586338,52.8218666687092,52.9080053578107,52.9967185872469,53.1217512814515,53.5026024368196,54.1641355925152,54.9755601859128,55.3890627049695
"237","NL130000","forest",49.966768041811,51.4649367880209,52.0671559167413,52.6008747750406,52.847598907778,51.7728022223643,50.5424209396898,49.3673940240932,49.0478596868242,48.8828804480024,48.8062417062504,48.7530841039998,48.6466310925801,48.5341298310748,48.4825538178507,48.4308841158342,48.3380560502368,48.2796327959182,48.2680116134996,48.2915764470875,48.2962373737482
"238","NL130000","grassland",60.6891716116455,63.8122156988204,64.5363361852149,65.0170873337708,65.3081932986428,65.2750710904114,64.700877198588,63.8633319234844,63.6813700392348,63.6990137957535,63.991772448451,64.2949350580946,64.5336881025643,64.7994662844839,64.9117233573111,65.0170098363012,65.193798819359,65.4525550461711,65.821379180317,66.2839856104693,66.5009241195808
"239","NL130000","other",4.17402689385742,4.17236758733089,4.1718075373871,4.17136187942557,4.17102471613267,4.17101007439522,4.17139258684086,4.17187865290775,4.17197008144388,4.17195490433719,4.17170956647858,4.17139594940025,4.17106960483697,4.17074581511251,4.17058392894302,4.17042505779164,4.1701291409404,4.16974579776456,4.16926426947757,4.16871893792733,4.16845310798361
"240","NL130000","othernat",37.9797373291509,31.2810218632091,29.0200681695848,27.2209214586915,25.8597739420761,25.8006648795684,27.3448890522731,29.307165598719,29.6762678346176,29.6149969856547,28.624554001608,27.3584638973011,26.0409922076123,24.7338345485854,24.0802908121425,23.4389188764711,22.2442856026785,20.6967072500617,18.7527499810506,16.5512152854237,15.4780445801127
"241","NL130000","urban",49.7097547459059,50.5370270392994,50.9955989632542,51.5056632446751,52.6084971475912,53.7059516366739,54.7531814380684,55.7807088142657,56.2883843753474,56.7879346661295,57.7735364313613,58.7676018142183,59.7868443487328,60.813510356719,61.3205581167964,61.8199177883606,62.8061492841908,63.7733101952976,64.6994944134598,65.6045239150494,66.0431243254189
"242","NL130000","water",4.17402689385742,4.17236758733089,4.1718075373871,4.17136187942557,4.17102471613267,4.17101007439522,4.17139258684086,4.17187865290775,4.17197008144388,4.17195490433719,4.17170956647858,4.17139594940025,4.17106960483697,4.17074581511251,4.17058392894302,4.17042505779164,4.1701291409404,4.16974579776456,4.16926426947757,4.16871893792733,4.16845310798361
